R,G,B,hex_val,hls_val,gene
1.0,0.0,0.0,#ff0000,#ff0000,1190002N15Rik
0.0,0.11186399999999999,0.022302,#001d06,#00cc29,1500009C09Rik
0.0,0.04029600000000003,0.011730000000000011,#000a03,#00cc3b,1700028J19Rik
1.0,0.0,0.0,#ff0000,#ff0000,2010111I01Rik
0.0,0.23731200000000005,0.08590200000000002,#003d16,#00cc4a,2410015M20Rik
0.0,0.03822700000000003,0.01109400000000001,#000a03,#00cc3b,2700060E02Rik
0.0,0.0,0.0,#000000,#666666,4930415O20Rik
0.0,0.188032,0.556608,#00308e,#0045cc,4930430F08Rik
0.0,0.125259,0.022188,#002006,#00cc24,4930444P10Rik
0.0,0.137664,0.023184000000000003,#002306,#00cc22,5730480H06Rik
1.0,0.0,0.0,#ff0000,#ff0000,8430408G22Rik
0.0,0.048600000000000046,0.013338000000000011,#000c03,#00cc38,9030612E09Rik
0.0,0.027187000000000024,0.008370000000000008,#000702,#00cc3f,9530077C05Rik
0.0,0.155472,0.566128,#002890,#0038cc,9830107B12Rik
1.0,0.0,0.0,#ff0000,#ff0000,A830010M20Rik
0.0,0.29270799999999997,0.39275599999999994,#004b64,#0098cc,A930004D18Rik
0.0,0.1261,0.022230000000000003,#002006,#00cc24,A930011G23Rik
0.0,0.0,0.0,#000000,#666666,AI467606
0.014841000000000002,0.021825,0.7210979999999999,#0406b8,#0406c8,AI846148
0.14400100000000002,0.202566,0.307294,#25344e,#415c8b,AI854703
0.0,0.19669699999999998,0.587622,#003296,#0044cc,Aaed1
0.0,0.04385500000000004,0.012348000000000012,#000b03,#00cc39,Aard
0.0,0.033326,0.7208939999999999,#0008b8,#0009cc,Abca7
1.0,0.0,0.0,#ff0000,#ff0000,Abra
0.9653039999999999,0.016728,0.013776,#f60404,#f60404,Acan
0.0,0.03083500000000003,0.00931000000000001,#000802,#00cc3e,Acp7
0.0,0.15438000000000004,0.030876000000000008,#002708,#00cc29,Actr10
0.657023,0.010967,0.242271,#a8033e,#c9034a,Actr3
0.8977139999999999,0.053424,0.022896,#e50e06,#e50e06,Adamts1
0.0,0.02267200000000002,0.007150000000000007,#000602,#00cc40,Adamts10
0.0,0.14183400000000004,0.023562000000000003,#002406,#00cc22,Adamtsl5
0.030096,0.10032,0.667584,#081aaa,#091dc3,Adgra2
0.377104,0.00962,0.555074,#60028e,#8803c9,Adrb1
0.0,0.041856,0.721144,#000bb8,#000ccc,Agpat4
0.0,0.023571000000000022,0.007398000000000007,#000602,#00cc40,Agpat9
1.0,0.0,0.0,#ff0000,#ff0000,Ahr
0.0,0.039465000000000035,0.011520000000000011,#000a03,#00cc3c,Ahsa2
1.0,0.0,0.0,#ff0000,#ff0000,Aif1
0.0,0.12584,0.022230000000000003,#002006,#00cc24,Aim1l
0.0,0.026250000000000023,0.008130000000000007,#000702,#00cc3f,Akap10
1.0,0.0,0.0,#ff0000,#ff0000,Akirin1
0.8398,0.021736,0.0741,#d60613,#d60613,Akt1
0.025259,0.262769,0.101036,#06431a,#12ba48,Amd2
0.0,0.126677,0.02227,#002006,#00cc24,Amigo2
0.0,0.09072,0.053802,#00170e,#00cc79,Anapc10
0.0,0.0,0.0,#000000,#666666,Ankar
1.0,0.0,0.0,#ff0000,#ff0000,Ankrd13c
0.0,0.238856,0.35740800000000006,#003d5b,#0088cc,Ankrd27
1.0,0.0,0.0,#ff0000,#ff0000,Ankrd33b
0.0,0.129176,0.022914000000000004,#002106,#00cc24,Anks1b
0.663168,0.060288,0.14412599999999998,#a90f25,#bb1129,Ap1ar
0.0,0.215646,0.065278,#003711,#00cc3e,Ap1b1
1.0,0.0,0.0,#ff0000,#ff0000,Apaf1
0.0,0.18733000000000002,0.10353200000000001,#00301a,#00cc71,Aprt
0.0,0.13928400000000002,0.023214000000000002,#002406,#00cc22,Aqp4
0.0,0.134937,0.023124000000000002,#002206,#00cc23,Arc
0.0,0.037711000000000036,0.01109400000000001,#000a03,#00cc3c,Areg
0.0,0.262276,0.35400800000000004,#00435a,#0097cc,Arglu1
0.0,0.03951000000000004,0.011520000000000011,#000a03,#00cc3b,Arhgap39
0.0,0.216449,0.067328,#003711,#00cc3f,Arhgef15
1.0,0.0,0.0,#ff0000,#ff0000,Arid1a
0.0,0.11448,0.63864,#001da3,#0025cc,Arid1b
0.668899,0.154105,0.053312,#ab270e,#bd2c0f,Arid5b
0.93,0.001,0.03,#ed0008,#ed0008,Arih1
0.0,0.029920000000000026,0.009078000000000008,#000802,#00cc3e,Arl16
1.0,0.0,0.0,#ff0000,#ff0000,Arl4a
0.0,0.1406,0.025456000000000003,#002406,#00cc25,Arl4d
1.0,0.0,0.0,#ff0000,#ff0000,Arl5b
1.0,0.0,0.0,#ff0000,#ff0000,Armcx3
0.0,0.03175200000000003,0.009540000000000009,#000802,#00cc3d,Armcx4
1.0,0.0,0.0,#ff0000,#ff0000,Armcx5
0.0,0.15388800000000005,0.025032000000000006,#002706,#00cc21,Arntl
1.0,0.0,0.0,#ff0000,#ff0000,Arpp19
1.0,0.0,0.0,#ff0000,#ff0000,Arpp21
0.0,0.121752,0.631544,#001fa1,#0027cc,Asb14
1.0,0.0,0.0,#ff0000,#ff0000,Asic4
0.0,0.277632,0.20629599999999998,#004735,#00cc98,Asna1
0.159536,0.27564799999999995,0.06608,#294611,#5fa527,Aste1
0.0,0.14001200000000003,0.025134,#002406,#00cc25,Ate1
1.0,0.0,0.0,#ff0000,#ff0000,Atf3
0.0,0.03822700000000003,0.01109400000000001,#000a03,#00cc3b,Atg16l1
0.0,0.08923199999999998,0.025687999999999996,#001707,#00cc3b,Atl2
0.0,0.037668000000000035,0.01109400000000001,#000a03,#00cc3c,Atp8b3
0.8004570000000001,0.016779000000000002,0.10166099999999999,#cc041a,#cc041a,Atpif1
0.974,0.002,0.019,#f80105,#f80105,Aven
0.0,0.039465000000000035,0.011520000000000011,#000a03,#00cc3c,Avp
0.0,0.14616500000000002,0.027590000000000003,#002507,#00cc27,Avpi1
1.0,0.0,0.0,#ff0000,#ff0000,B3gnt2
0.0,0.03583400000000003,0.01066000000000001,#000903,#00cc3d,B430203G13Rik
0.0,0.023571000000000022,0.007398000000000007,#000602,#00cc40,BC003331
0.0,0.102306,0.026786,#001a07,#00cc35,Bach1
0.0,0.148836,0.5155879999999999,#002683,#003bcc,Bag3
0.059532,0.017138,0.718894,#0f04b7,#1005c7,Bahcc1
0.0,0.05994,0.72009,#000fb8,#0011cc,Banp
0.0,0.25116799999999995,0.10855,#00401c,#00cc58,Bbs1
1.0,0.0,0.0,#ff0000,#ff0000,Bdnf
0.375375,0.010724999999999998,0.5655,#600390,#8504c8,Birc5
1.0,0.0,0.0,#ff0000,#ff0000,Borcs8
0.0,0.155472,0.566128,#002890,#0038cc,Bst1
0.0,0.102951,0.03813,#001a0a,#00cc4c,Btbd2
0.282408,0.012792,0.6110639999999999,#48039c,#5c04c8,Btg1
1.0,0.0,0.0,#ff0000,#ff0000,Btg2
0.0,0.0,0.0,#000000,#666666,C130073F10Rik
0.05673000000000001,0.23973000000000005,0.03446500000000001,#0e3d09,#2ab21a,C2cd4b
0.0,0.04955500000000004,0.013530000000000013,#000d03,#00cc38,Cacna1b
0.0,0.046216,0.721144,#000cb8,#000dcc,Calcrl
1.0,0.0,0.0,#ff0000,#ff0000,Calu
0.0,0.136279,0.023166000000000003,#002306,#00cc23,Camk2a
0.0,0.12584,0.022230000000000003,#002006,#00cc24,Capsl
0.0007130000000000001,0.12834,0.550436,#00218c,#0030cc,Card6
0.0,0.26523599999999997,0.112716,#00441d,#00cc57,Cbx1
0.0,0.295501,0.338448,#004b56,#00b2cc,Cc2d1a
0.970125,0.00995,0.0029850000000000002,#f70301,#f70301,Ccar2
0.0,0.136279,0.023166000000000003,#002306,#00cc23,Ccdc137
0.0,0.08629599999999997,0.01922799999999999,#001605,#00cc2d,Ccdc32
0.0,0.09317,0.65142,#0018a6,#001dcc,Ccdc7a
1.0,0.0,0.0,#ff0000,#ff0000,Ccdc93
1.0,0.0,0.0,#ff0000,#ff0000,Ccl27a
1.0,0.0,0.0,#ff0000,#ff0000,Ccnk
0.0,0.258614,0.134846,#004222,#00cc6a,Ccno
1.0,0.0,0.0,#ff0000,#ff0000,Ccnt1
0.94,0.0,0.025,#f00006,#f00006,Ccpg1os
0.0,0.147864,0.568764,#002691,#0035cc,Cd1d1
0.0,0.299019,0.192472,#004c31,#00cc83,Cd27
0.0,0.0,0.0,#000000,#666666,Cd5
1.0,0.0,0.0,#ff0000,#ff0000,Cdhr3
1.0,0.0,0.0,#ff0000,#ff0000,Cdk11b
0.0,0.03822700000000003,0.01109400000000001,#000a03,#00cc3b,Cds1
1.0,0.0,0.0,#ff0000,#ff0000,Cdv3
0.921,0.001,0.034,#eb0009,#eb0009,Cebpzos
1.0,0.0,0.0,#ff0000,#ff0000,Cecr6
0.0,0.044095999999999996,0.721344,#000bb8,#000ccc,Cenpf
0.0,0.047647000000000043,0.013144000000000012,#000c03,#00cc38,Cenpl
1.0,0.0,0.0,#ff0000,#ff0000,Cep295
1.0,0.0,0.0,#ff0000,#ff0000,Chst14
0.934,0.001,0.028,#ee0007,#ee0007,Ciart
0.0,0.24897599999999998,0.09844799999999998,#003f19,#00cc51,Cirh1a
0.0,0.04029600000000003,0.011730000000000011,#000a03,#00cc3b,Cisd2
0.0,0.131657,0.023016000000000002,#002206,#00cc24,Cited2
1.0,0.0,0.0,#ff0000,#ff0000,Clcc1
1.0,0.0,0.0,#ff0000,#ff0000,Cldn12
0.0,0.029007000000000026,0.008844000000000008,#000702,#00cc3e,Clec16a
0.0,0.11592,0.02172,#001e06,#00cc26,Clip2
1.0,0.0,0.0,#ff0000,#ff0000,Clptm1l
1.0,0.0,0.0,#ff0000,#ff0000,Clrn1
1.0,0.0,0.0,#ff0000,#ff0000,Cnnm1
1.0,0.0,0.0,#ff0000,#ff0000,Cnnm4
0.0,0.10943999999999998,0.021317999999999997,#001c05,#00cc28,Coa3
0.0,0.029920000000000026,0.009078000000000008,#000802,#00cc3e,Cog1
1.0,0.0,0.0,#ff0000,#ff0000,Col10a1
0.7735500000000001,0.05061499999999999,0.08403999999999999,#c50d15,#c50d15,Col15a1
0.0,0.121752,0.631544,#001fa1,#0027cc,Comp
0.0,0.034932,0.721644,#0009b8,#000acc,Copg2
0.0,0.039465000000000035,0.011520000000000011,#000a03,#00cc3c,Coq2
0.0,0.23731200000000005,0.08590200000000002,#003d16,#00cc4a,Cox7a2l
1.0,0.0,0.0,#ff0000,#ff0000,Cpeb4
1.0,0.0,0.0,#ff0000,#ff0000,Crebzf
0.0,0.11894099999999999,0.021894,#001e06,#00cc26,Crlf3
1.0,0.0,0.0,#ff0000,#ff0000,Csnk1a1
0.0,0.09317,0.65142,#0018a6,#001dcc,Ctf1
1.0,0.0,0.0,#ff0000,#ff0000,Ctnnd1
1.0,0.0,0.0,#ff0000,#ff0000,Cul3
1.0,0.0,0.0,#ff0000,#ff0000,Cul9
1.0,0.0,0.0,#ff0000,#ff0000,Cwc25
1.0,0.0,0.0,#ff0000,#ff0000,Cxadr
0.0,0.29812,0.251346,#004c40,#00ccac,Cyp11a1
0.0,0.039465000000000035,0.011520000000000011,#000a03,#00cc3c,Cyp2t4
0.0,0.14688,0.023868000000000004,#002506,#00cc21,D130040H23Rik
0.0,0.18471,0.115902,#002f1e,#00cc80,Dars
1.0,0.0,0.0,#ff0000,#ff0000,Dbpht2
0.0,0.07249499999999996,0.01846799999999999,#001205,#00cc34,Dck
1.0,0.0,0.0,#ff0000,#ff0000,Dcun1d3
0.0,0.11083399999999999,0.643718,#001ca4,#0023cc,Depdc7
0.0,0.21897000000000003,0.07479000000000001,#003813,#00cc46,Dhrs7
0.000906,0.078822,0.7148340000000001,#0014b6,#0016cc,Dhx16
0.416164,0.24448799999999996,0.034735999999999996,#6a3e09,#bc6f10,Diras1
0.0,0.0,0.0,#000000,#666666,Dlk1
0.0,0.054873,0.703521,#000eb3,#0010cc,Dlx5
0.0,0.29102999999999996,0.26650499999999994,#004a44,#00ccbb,Dmxl1
1.0,0.0,0.0,#ff0000,#ff0000,Dnaja1
1.0,0.0,0.0,#ff0000,#ff0000,Dnaja4
1.0,0.0,0.0,#ff0000,#ff0000,Dnajb1
0.0,0.105768,0.02223,#001b06,#00cc2b,Dock7
0.0,0.121948,0.629592,#001fa1,#0028cc,Dpm3
0.0,0.13359999999999997,0.09379999999999997,#002218,#00cc8f,Dpyd
0.0,0.001,0.0,#000000,#00cc00,Dscc1
0.0,0.01111500000000001,0.003796000000000003,#000301,#00cc46,Dusp10
0.0,0.15598700000000004,0.025350000000000004,#002806,#00cc21,Dusp14
1.0,0.0,0.0,#ff0000,#ff0000,Dusp16
0.0,0.10729500000000002,0.714678,#001bb6,#001fcc,Dusp2
1.0,0.0,0.0,#ff0000,#ff0000,Dusp4
1.0,0.0,0.0,#ff0000,#ff0000,Dusp6
1.0,0.0,0.0,#ff0000,#ff0000,Dusp8
0.0,0.136279,0.023166000000000003,#002306,#00cc23,Dyrk2
0.0,0.0,0.0,#000000,#666666,Edar
0.0,0.15114000000000002,0.571584,#002792,#0036cc,Egflam
1.0,0.0,0.0,#ff0000,#ff0000,Egr1
0.025146,0.188468,0.058928,#06300f,#18b438,Egr2
1.0,0.0,0.0,#ff0000,#ff0000,Egr3
1.0,0.0,0.0,#ff0000,#ff0000,Egr4
0.0,0.139089,0.10436999999999998,#00231b,#00cc99,Eif1a
0.0,0.03451500000000003,0.01021800000000001,#000903,#00cc3c,Eif2b1
0.0,0.260295,0.09045,#004217,#00cc47,Eif2s1
1.0,0.0,0.0,#ff0000,#ff0000,Eif5
0.0,0.17279699999999998,0.07953,#002c14,#00cc5e,Elavl1
0.0,0.135792,0.023760000000000003,#002306,#00cc24,Epc1
0.019024,0.24698399999999998,0.07544,#053f13,#0fbd3a,Ephx2
1.0,0.0,0.0,#ff0000,#ff0000,Eprs
1.0,0.0,0.0,#ff0000,#ff0000,Errfi1
0.0,0.125259,0.022188,#002006,#00cc24,Esm1
0.0,0.077441,0.679098,#0014ad,#0017cc,Extl1
0.0,0.0,0.0,#000000,#666666,F13a1
1.0,0.0,0.0,#ff0000,#ff0000,Fam118a
0.0,0.166736,0.14606400000000003,#002b25,#00ccb3,Fam122a
0.0,0.116382,0.63189,#001ea1,#0026cc,Fam150b
0.0,0.12636,0.022230000000000003,#002006,#00cc24,Fam174b
0.0,0.128304,0.022572000000000002,#002106,#00cc24,Fam189a2
1.0,0.0,0.0,#ff0000,#ff0000,Fam53c
0.06841900000000001,0.18752900000000003,0.04681300000000001,#11300c,#3ca329,Fam57a
0.0,0.101982,0.65032,#001aa6,#0020cc,Fam78a
1.0,0.0,0.0,#ff0000,#ff0000,Fbl
0.336638,0.236006,0.076073,#563c13,#a67526,Fbxl2
0.0,0.03636700000000003,0.01066000000000001,#000903,#00cc3c,Fbxl4
0.0,0.126677,0.02227,#002006,#00cc24,Fbxl6
0.0,0.029920000000000026,0.009078000000000008,#000802,#00cc3e,Fbxo18
1.0,0.0,0.0,#ff0000,#ff0000,Fbxo33
1.0,0.0,0.0,#ff0000,#ff0000,Fbxo34
0.0,0.207915,0.058515,#00350f,#00cc39,Fbxo42
1.0,0.0,0.0,#ff0000,#ff0000,Fbxw7
0.557658,0.068248,0.201152,#8e1133,#b61642,Fdx1l
0.0,0.147864,0.568764,#002691,#0035cc,Fgf8
0.0,0.0,0.0,#000000,#666666,Fkbp6
1.0,0.0,0.0,#ff0000,#ff0000,Flrt3
0.0,0.15400000000000003,0.026642000000000002,#002707,#00cc23,Fmr1
1.0,0.0,0.0,#ff0000,#ff0000,Fos
1.0,0.0,0.0,#ff0000,#ff0000,Fosb
1.0,0.0,0.0,#ff0000,#ff0000,Fosl2
0.0,0.135468,0.022862000000000004,#002306,#00cc22,Foxg1
0.0,0.151368,0.5565,#00278e,#0037cc,Foxk1
1.0,0.0,0.0,#ff0000,#ff0000,Foxo1
0.0,0.07811999999999997,0.01822799999999999,#001405,#00cc30,Frat2
1.0,0.0,0.0,#ff0000,#ff0000,Frmd6
0.0,0.07141600000000001,0.7186800000000001,#0012b7,#0014cc,Fto
0.0,0.09317,0.65142,#0018a6,#001dcc,Fut7
0.0,0.25462,0.3723600000000001,#00415f,#008bcc,Fxyd2
0.0,0.13248000000000001,0.022494000000000004,#002206,#00cc23,Fzd4
0.8977139999999999,0.053424,0.022896,#e50e06,#e50e06,Fzd5
1.0,0.0,0.0,#ff0000,#ff0000,Gabra4
1.0,0.0,0.0,#ff0000,#ff0000,Gadd45b
1.0,0.0,0.0,#ff0000,#ff0000,Gadd45g
0.0,0.263376,0.43542,#00436f,#007bcc,Gas2
0.08976,0.013090000000000001,0.7134050000000001,#1703b6,#1904c8,Gata3
0.984,0.0,0.008,#fb0002,#fb0002,Gatad2b
1.0,0.0,0.0,#ff0000,#ff0000,Gch1
0.0,0.19622399999999998,0.033375999999999996,#003209,#00cc23,Gcm1
1.0,0.0,0.0,#ff0000,#ff0000,Gcnt2
0.0,0.282883,0.368924,#00485e,#009ccc,Gdpd5
0.0,0.052017999999999995,0.711472,#000db5,#000fcc,Gemin4
0.0,0.131383,0.022742000000000002,#002206,#00cc23,Gimap8
0.0,0.001,0.0,#000000,#00cc00,Gipc3
0.0,0.126677,0.02227,#002006,#00cc24,Glce
0.0,0.028096000000000024,0.008608000000000008,#000702,#00cc3f,Glrx3
0.0,0.096901,0.72009,#0019b8,#001bcc,Glt28d2
0.375375,0.010724999999999998,0.5655,#600390,#8504c8,Glyr1
0.0,0.09317,0.65142,#0018a6,#001dcc,Gm10130
0.0,0.000999,0.0,#000000,#00cc00,Gm10184
0.0,0.17293799999999998,0.06948599999999999,#002c12,#00cc52,Gm10250
0.0,0.09317,0.65142,#0018a6,#001dcc,Gm10696
1.0,0.0,0.0,#ff0000,#ff0000,Gm13889
1.0,0.0,0.0,#ff0000,#ff0000,Gm14685
0.0,0.09317,0.65142,#0018a6,#001dcc,Gm20425
0.0,0.147864,0.568764,#002691,#0035cc,Gm21830
0.0,0.037668000000000035,0.01109400000000001,#000a03,#00cc3c,Gm28036
0.0,0.26662500000000006,0.42255000000000004,#00446c,#0081cc,Gm3854
0.0,0.0,0.0,#000000,#666666,Gm43786
0.0,0.263139,0.43737000000000004,#004370,#007bcc,Gm45140
0.0,0.155472,0.566128,#002890,#0038cc,Gm4847
0.0,0.09317,0.65142,#0018a6,#001dcc,Gm7276
1.0,0.0,0.0,#ff0000,#ff0000,Gm7694
0.0,0.044044,0.721644,#000bb8,#000ccc,Gm973
0.0,0.03858800000000003,0.01130800000000001,#000a03,#00cc3c,Gm9925
1.0,0.0,0.0,#ff0000,#ff0000,Gmeb2
0.0,0.042924000000000004,0.7209479999999999,#000bb8,#000ccc,Gmppb
0.0,0.12838000000000002,0.709758,#0021b5,#0025cc,Gnb1l
0.0,0.03359200000000003,0.00999400000000001,#000903,#00cc3d,Gphn
0.128643,0.013146000000000001,0.7108230000000001,#2103b5,#2404c8,Gpr157
1.0,0.0,0.0,#ff0000,#ff0000,Gpr19
1.0,0.0,0.0,#ff0000,#ff0000,Gpr22
0.331968,0.16016,0.243152,#55293e,#8a4265,Gprc5b
0.0,0.26718,0.42996999999999996,#00446e,#007fcc,Grasp
0.0,0.13656300000000002,0.023520000000000003,#002306,#00cc23,Grb2
0.0,0.127968,0.632272,#0021a1,#0029cc,Gria1
0.025748,0.280088,0.353564,#07475a,#0e97be,Gria2
0.0,0.286426,0.33866,#004956,#00adcc,Grin1
0.0,0.0,0.0,#000000,#666666,Gstm2
0.0,0.031523999999999996,0.7020479999999999,#0008b3,#0009cc,Gstm5
0.0,0.047647000000000043,0.013144000000000012,#000c03,#00cc38,Gstp1
0.0,0.126677,0.02227,#002006,#00cc24,Gyg
0.0024749999999999998,0.047025,0.7193999999999999,#010cb7,#010dcb,H2-DMb1
0.0,0.155472,0.566128,#002890,#0038cc,H2-Q10
0.0,0.27318800000000004,0.13240400000000002,#004622,#00cc63,Haghl
0.0,0.14541,0.58033,#002594,#0033cc,Harbi1
0.0,0.040866,0.72141,#000ab8,#000ccc,Has2
1.0,0.0,0.0,#ff0000,#ff0000,Hexa
0.09805599999999999,0.020943999999999997,0.7101919999999999,#1905b5,#1b06c6,Hilpda
0.0,0.10836699999999999,0.021244,#001c05,#00cc28,Hipk3
0.032153,0.028677,0.7004140000000001,#0807b3,#0908c4,Hist1h1d
0.0,0.124416,0.022144,#002006,#00cc24,Hist1h3i
1.0,0.0,0.0,#ff0000,#ff0000,Hmgcr
0.0,0.027392,0.7070559999999999,#0007b4,#0008cc,Hmha1
1.0,0.0,0.0,#ff0000,#ff0000,Hnrnpf
0.0,0.03083500000000003,0.00931000000000001,#000802,#00cc3e,Hnrnpul1
1.0,0.0,0.0,#ff0000,#ff0000,Homer1
1.0,0.0,0.0,#ff0000,#ff0000,Hpn
0.0,0.09317,0.65142,#0018a6,#001dcc,Hpx
1.0,0.0,0.0,#ff0000,#ff0000,Hras
0.0,0.12324500000000002,0.04772800000000001,#001f0c,#00cc4f,Hrh2
1.0,0.0,0.0,#ff0000,#ff0000,Hrh3
0.0,0.08543699999999999,0.026531999999999997,#001607,#00cc3f,Hs6st1
0.0,0.11592,0.02172,#001e06,#00cc26,Hspa1a
0.0,0.129712,0.022646000000000003,#002106,#00cc24,Hspa1b
0.0,0.048600000000000046,0.013338000000000011,#000c03,#00cc38,Hspb3
1.0,0.0,0.0,#ff0000,#ff0000,Hsph1
0.0,0.09317,0.65142,#0018a6,#001dcc,Htr5b
1.0,0.0,0.0,#ff0000,#ff0000,Ier3
1.0,0.0,0.0,#ff0000,#ff0000,Ifrd1
0.0,0.19742800000000005,0.11457600000000003,#00321d,#00cc76,Igf2r
0.0,0.001,0.0,#000000,#00cc00,Ighv5-17
0.0,0.143453,0.66143,#0025a9,#002ccc,Ikbip
0.0,0.05055900000000005,0.013908000000000012,#000d04,#00cc38,Ikzf1
0.0,0.302358,0.336162,#004d56,#00b7cc,Il16
0.0,0.027187000000000024,0.008370000000000008,#000702,#00cc3f,Il34
0.0,0.23772800000000005,0.08420800000000002,#003d15,#00cc48,Il3ra
0.0,0.0,0.0,#000000,#666666,Ildr1
0.306552,0.011568,0.514776,#4e0383,#7704c8,Ilvbl
0.0,0.040964,0.7156159999999999,#000ab6,#000ccc,Impg2
1.0,0.0,0.0,#ff0000,#ff0000,Ing2
1.0,0.0,0.0,#ff0000,#ff0000,Ipmk
0.0,0.124416,0.022144,#002006,#00cc24,Iqcg
0.0,0.04042,0.72154,#000ab8,#000bcc,Iqub
0.0,0.041376,0.721494,#000bb8,#000ccc,Irf9
1.0,0.0,0.0,#ff0000,#ff0000,Irs1
1.0,0.0,0.0,#ff0000,#ff0000,Irs2
0.009338999999999998,0.036507,0.7021229999999999,#0209b3,#030ac9,Iscu
0.0,0.069608,0.715064,#0012b6,#0014cc,Itga7
0.0,0.125796,0.023628,#002006,#00cc26,Itgam
0.0,0.197296,0.49453800000000003,#00327e,#0051cc,Itgb7
0.0,0.041971000000000036,0.011938000000000011,#000b03,#00cc3a,Jade3
0.0,0.125259,0.022188,#002006,#00cc24,Jag1
0.0,0.29175599999999996,0.21402,#004a37,#00cc96,Jdp2
0.955266,0.010922999999999999,0.006951,#f40302,#f40302,Jmjd1c
1.0,0.0,0.0,#ff0000,#ff0000,Jun
1.0,0.0,0.0,#ff0000,#ff0000,Junb
1.0,0.0,0.0,#ff0000,#ff0000,Jund
0.0,0.09317,0.65142,#0018a6,#001dcc,K230010J24Rik
0.0,0.101568,0.699936,#001ab2,#001ecc,Katnal1
0.0,0.12064000000000001,0.715488,#001fb6,#0022cc,Kazn
0.8977139999999999,0.053424,0.022896,#e50e06,#e50e06,Kcna4
0.0,0.129176,0.022914000000000004,#002106,#00cc24,Kcnj2
0.0005070000000000004,0.03389100000000003,0.01029600000000001,#000903,#03c93d,Kcnma1
1.0,0.0,0.0,#ff0000,#ff0000,Kctd12
0.0,0.26896000000000003,0.12956,#004521,#00cc62,Kctd6
0.0,0.11083399999999999,0.643718,#001ca4,#0023cc,Kctd8
1.0,0.0,0.0,#ff0000,#ff0000,Kdm6b
0.0,0.25116799999999995,0.10855,#00401c,#00cc58,Keap1
0.0,0.060349999999999994,0.6935999999999999,#000fb1,#0012cc,Khdrbs2
0.0,0.279279,0.367164,#00475e,#009bcc,Klf16
1.0,0.0,0.0,#ff0000,#ff0000,Klf2
0.0,0.13276500000000005,0.04676000000000002,#00220c,#00cc48,Klf8
0.0,0.22208399999999998,0.392229,#003964,#0074cc,Klhdc2
1.0,0.0,0.0,#ff0000,#ff0000,Klhl21
0.0,0.06551999999999995,0.017207999999999987,#001104,#00cc36,Klhl26
1.0,0.0,0.0,#ff0000,#ff0000,Knop1
0.0,0.06482299999999996,0.01703999999999999,#001104,#00cc36,Krba1
0.0,0.048279,0.687764,#000caf,#000ecc,Krcc1
1.0,0.0,0.0,#ff0000,#ff0000,L3hypdh
0.0,0.035875000000000004,0.721,#0009b8,#000acc,Lat
1.0,0.0,0.0,#ff0000,#ff0000,Lats1
1.0,0.0,0.0,#ff0000,#ff0000,Lbh
0.0,0.121752,0.631544,#001fa1,#0027cc,Lgals1
0.0,0.28056600000000004,0.185757,#00482f,#00cc87,Lgmn
0.0,0.029007000000000026,0.008844000000000008,#000702,#00cc3e,Lif
0.0,0.066666,0.6666599999999999,#0011aa,#0014cc,Lin7c
0.24167799999999998,0.20274999999999999,0.321967,#3e3452,#5e4f7d,Lmo7
1.0,0.0,0.0,#ff0000,#ff0000,Lonrf1
0.827944,0.020748000000000003,0.08299200000000001,#d30515,#d30515,Lrrc10b
1.0,0.0,0.0,#ff0000,#ff0000,Lrrc48
0.0,0.0258,0.7051999999999999,#0007b4,#0007cc,Lsm7
0.0,0.126677,0.02227,#002006,#00cc24,Lyrm2
0.0,0.12584,0.022230000000000003,#002006,#00cc24,Lysmd3
0.0,0.24423999999999996,0.46363,#003e76,#006bcc,Lysmd4
0.0,0.0,0.0,#000000,#666666,M1ap
0.0,0.045747000000000045,0.012750000000000011,#000c03,#00cc39,Malsu1
0.0,0.03175200000000003,0.009540000000000009,#000802,#00cc3d,Maml2
0.0,0.120032,0.021948,#001f06,#00cc25,Mamld1
0.0,0.1261,0.022230000000000003,#002006,#00cc24,Mapkapk2
1.0,0.0,0.0,#ff0000,#ff0000,Mapre1
1.0,0.0,0.0,#ff0000,#ff0000,March11
1.0,0.0,0.0,#ff0000,#ff0000,Mcl1
0.0,0.13507200000000003,0.046536000000000015,#00220c,#00cc46,Mea1
1.0,0.0,0.0,#ff0000,#ff0000,Mest
0.0,0.125259,0.022188,#002006,#00cc24,Mettl7a1
0.0,0.012795000000000011,0.004410000000000003,#000301,#00cc46,Mfap1a
0.0,0.136279,0.023166000000000003,#002306,#00cc23,Mfap3l
0.0,0.06839200000000001,0.674856,#0011ac,#0015cc,Mgst3
1.0,0.0,0.0,#ff0000,#ff0000,Minpp1
1.0,0.0,0.0,#ff0000,#ff0000,Mis12
0.0,0.106216,0.638077,#001ba3,#0022cc,Mkks
0.0,0.0,0.001,#000000,#0000cc,Mmp12
0.0,0.13656500000000002,0.022880000000000005,#002306,#00cc22,Mn1
0.0,0.26555700000000004,0.419594,#00446b,#0081cc,Mobp
0.0,0.026280000000000022,0.008130000000000007,#000702,#00cc3f,Mrpl42
1.0,0.0,0.0,#ff0000,#ff0000,Mrps16
0.28451200000000004,0.19692800000000002,0.130016,#493221,#8c6140,Mrps23
0.0,0.21221099999999998,0.11854099999999998,#00361e,#00cc72,Mrps26
0.08499399999999999,0.014009999999999998,0.71451,#1604b6,#1804c8,Msmo1
0.7394459999999999,0.026514,0.130606,#bd0721,#c50723,Mtch2
0.0,0.105768,0.02223,#001b06,#00cc2b,Mtrf1
0.0,0.13384000000000001,0.022820000000000003,#002206,#00cc23,Myd88
0.0024240000000000004,0.27270000000000005,0.13251200000000002,#014622,#02ca62,Myeov2
0.0,0.10622699999999999,0.021089999999999998,#001b05,#00cc29,Myl12b
0.0,0.21992900000000004,0.08901200000000001,#003817,#00cc53,Myom1
0.0,0.041111,0.72154,#000ab8,#000ccc,Naa30
0.042483,0.049419000000000005,0.666723,#0b0daa,#0c0ec0,Nab2
0.0,0.100912,0.049640000000000004,#001a0d,#00cc64,Naf1
1.0,0.0,0.0,#ff0000,#ff0000,Nap1l5
1.0,0.0,0.0,#ff0000,#ff0000,Ndnl2
1.0,0.0,0.0,#ff0000,#ff0000,Ndufs4
0.008118,0.204918,0.04797,#02340c,#08c42e,Ndufs5
0.759525,0.03315,0.117975,#c2081e,#c3091e,Ndufv1
0.17248000000000002,0.26768000000000003,0.13496,#2c4422,#578844,Necap1
0.0,0.032718,0.715491,#0008b6,#0009cc,Neurl4
1.0,0.0,0.0,#ff0000,#ff0000,Neurod2
1.0,0.0,0.0,#ff0000,#ff0000,Nexn
0.0,0.155472,0.566128,#002890,#0038cc,Nfam1
0.003344,0.14364000000000002,0.023560000000000005,#012506,#05c721,Nfil3
0.978,0.0,0.009,#f90002,#f90002,Ngrn
1.0,0.0,0.0,#ff0000,#ff0000,Nkrf
1.0,0.0,0.0,#ff0000,#ff0000,Nkx2-2
1.0,0.0,0.0,#ff0000,#ff0000,Npas4
0.0,0.12584,0.022230000000000003,#002006,#00cc24,Nppa
1.0,0.0,0.0,#ff0000,#ff0000,Nptx2
0.0,0.09985499999999999,0.020579999999999998,#001905,#00cc2a,Npy1r
1.0,0.0,0.0,#ff0000,#ff0000,Npy5r
0.34088699999999994,0.24894899999999998,0.02985,#573f08,#bc8910,Nr2f1
0.96224,0.012896,0.002976,#f50301,#f50301,Nr4a1
1.0,0.0,0.0,#ff0000,#ff0000,Nr4a2
1.0,0.0,0.0,#ff0000,#ff0000,Nr4a3
0.0,0.035219,0.72156,#0009b8,#000acc,Nrg2
0.0,0.15040000000000003,0.026720000000000008,#002607,#00cc24,Nrip1
0.0,0.0,0.0,#000000,#666666,Nsf
0.0,0.03822700000000003,0.01109400000000001,#000a03,#00cc3b,Nsmaf
0.0,0.05502200000000005,0.014640000000000012,#000e04,#00cc36,Ntpcr
0.0,0.13412000000000002,0.022820000000000003,#002206,#00cc23,Nuak1
0.0,0.121752,0.631544,#001fa1,#0027cc,Nuf2
0.995006,0.001996,0.000998,#fe0100,#fe0100,Numb
0.0,0.114536,0.04031,#001d0a,#00cc48,Nup50
0.0,0.09090899999999999,0.035852999999999996,#001709,#00cc50,Nupr1
0.0,0.0,0.0,#000000,#666666,Odf4
0.0,0.11592,0.02172,#001e06,#00cc26,Olfml2b
0.0,0.0,0.0,#000000,#666666,Olfr635
0.0,0.029818000000000025,0.009078000000000008,#000802,#00cc3e,Orc5
0.0,0.19745600000000005,0.10745700000000001,#00321b,#00cc6f,Otog
0.0,0.28382399999999997,0.20060399999999998,#004833,#00cc90,Otud1
0.0,0.075168,0.7140960000000001,#0013b6,#0015cc,Oxr1
0.00028000000000000003,0.13412000000000002,0.023100000000000002,#002206,#00cc23,Pak6
0.0,0.15388800000000005,0.03242400000000001,#002708,#00cc2b,Palb2
0.0,0.24453,0.546858,#003e8b,#005bcc,Parg
1.0,0.0,0.0,#ff0000,#ff0000,Pcdh8
0.0,0.025375000000000023,0.007888000000000008,#000602,#00cc3f,Pdia4
1.0,0.0,0.0,#ff0000,#ff0000,Peli1
1.0,0.0,0.0,#ff0000,#ff0000,Per1
0.0,0.236664,0.320223,#003c52,#0097cc,Phlda1
0.0,0.15916,0.64529,#0029a5,#0032cc,Phtf1
0.0,0.03359200000000003,0.00999400000000001,#000903,#00cc3d,Pick1
0.999,0.0,0.001,#ff0000,#ff0000,Pigb
1.0,0.0,0.0,#ff0000,#ff0000,Pigm
0.0,0.0,0.0,#000000,#666666,Pira2
0.139776,0.26208000000000004,0.157794,#244328,#478550,Pkd1
0.845988,0.024650000000000002,0.06606200000000001,#d80611,#d80611,Plagl1
0.0,0.11083399999999999,0.643718,#001ca4,#0023cc,Pld6
1.0,0.0,0.0,#ff0000,#ff0000,Plekho1
1.0,0.0,0.0,#ff0000,#ff0000,Plk2
0.028495000000000003,0.11606500000000002,0.587275,#071e96,#0926c3,Plk3
0.0,0.157542,0.594594,#002898,#0036cc,Pmm2
0.0,0.28120399999999995,0.357896,#00485b,#00a0cc,Pnp
0.0,0.037668000000000035,0.01109400000000001,#000a03,#00cc3c,Pnpt1
0.0,0.22836299999999998,0.24424099999999999,#003a3e,#00bfcc,Poc5
0.97,0.001,0.016,#f70004,#f70004,Polr2d
0.837646,0.026514,0.072668,#d60713,#d60713,Ppat
0.0,0.112008,0.645482,#001da5,#0023cc,Ppic
1.0,0.0,0.0,#ff0000,#ff0000,Ppm1d
1.0,0.0,0.0,#ff0000,#ff0000,Ppp1r15a
0.0,0.12584,0.022230000000000003,#002006,#00cc24,Ppp2r2a
0.000369,0.093357,0.042927,#00180b,#01cb5d,Ppp6c
0.0,0.029784000000000026,0.009078000000000008,#000802,#00cc3e,Prep
0.41450399999999993,0.25239599999999995,0.083448,#6a4015,#aa6722,Prickle2
0.0,0.035440000000000034,0.01044000000000001,#000903,#00cc3c,Prkcb
0.002135,0.23729000000000006,0.07808000000000001,#013d14,#02ca43,Prkci
0.0,0.120927,0.6990000000000001,#001fb2,#0023cc,Prkcz
0.023940000000000006,0.13167000000000004,0.040698000000000005,#06220a,#1fad35,Prmt3
0.0,0.24136199999999997,0.09126599999999997,#003e17,#00cc4d,Prnp
0.0,0.29072000000000003,0.39373600000000003,#004a64,#0097cc,Prokr2
0.0,0.001,0.0,#000000,#00cc00,Prom2
1.0,0.0,0.0,#ff0000,#ff0000,Prpf38b
0.0,0.07475999999999997,0.01906799999999999,#001305,#00cc34,Prr15
0.0,0.09958800000000001,0.651568,#0019a6,#001fcc,Psmb8
1.0,0.0,0.0,#ff0000,#ff0000,Psmc3
0.0,0.138185,0.023200000000000002,#002306,#00cc22,Ptger4
1.0,0.0,0.0,#ff0000,#ff0000,Ptgs2
0.0,0.10335000000000001,0.657465,#001aa8,#0020cc,Ptpn22
0.0,0.242004,0.23168599999999998,#003e3b,#00ccc3,Pxn
0.0,0.02267200000000002,0.007150000000000007,#000602,#00cc40,Rab11fip2
0.0,0.14703300000000002,0.024174000000000005,#002506,#00cc22,Rab2a
0.8118,0.027552,0.087576,#cf0716,#cf0716,Rab39b
0.0,0.08303699999999997,0.018867999999999992,#001505,#00cc2e,Rab3b
0.13143000000000002,0.25272,0.03666,#224009,#5db21a,Raf1
1.0,0.0,0.0,#ff0000,#ff0000,Ranbp2
1.0,0.0,0.0,#ff0000,#ff0000,Rasd1
0.0,0.136081,0.023352000000000005,#002306,#00cc23,Rasl11a
1.0,0.0,0.0,#ff0000,#ff0000,Rbbp5
0.0,0.284739,0.36818599999999996,#00495e,#009ecc,Rbbp8
0.0,0.125259,0.022188,#002006,#00cc24,Rbm38
1.0,0.0,0.0,#ff0000,#ff0000,Rbp4
0.0,0.029920000000000026,0.009078000000000008,#000802,#00cc3e,Rbsn
0.0,0.252252,0.124852,#004020,#00cc65,Rdh16
0.0,0.19206,0.6111,#00319c,#0040cc,Rfc5
1.0,0.0,0.0,#ff0000,#ff0000,Rfx2
1.0,0.0,0.0,#ff0000,#ff0000,Rfx7
1.0,0.0,0.0,#ff0000,#ff0000,Rgmb
1.0,0.0,0.0,#ff0000,#ff0000,Rgs2
1.0,0.0,0.0,#ff0000,#ff0000,Rgs4
0.0,0.0,0.0,#000000,#666666,Ripk3
0.0,0.29218500000000003,0.34443,#004b58,#00adcc,Rnf128
0.0,0.04773600000000004,0.013338000000000011,#000c03,#00cc39,Rnf138rt1
0.0,0.285,0.206,#004935,#00cc93,Rnf149
1.0,0.0,0.0,#ff0000,#ff0000,Rnft1
1.0,0.0,0.0,#ff0000,#ff0000,Rnpc3
0.0,0.22302500000000003,0.07205,#003912,#00cc42,Rom1
1.0,0.0,0.0,#ff0000,#ff0000,Rora
0.0,0.03858800000000003,0.01130800000000001,#000a03,#00cc3c,Rorb
0.0,0.000999,0.0,#000000,#00cc00,Rpl21-ps4
0.5814269999999999,0.14263,0.12585,#942420,#a82924,Rpl36a
0.0,0.07609599999999997,0.01795799999999999,#001305,#00cc30,Rpp21
0.0,0.130272,0.023322000000000002,#002106,#00cc25,Rsbn1l
0.0,0.052352,0.720658,#000db8,#000fcc,Rsrc1
0.0,0.028096000000000024,0.008608000000000008,#000702,#00cc3f,Rundc1
0.0,0.121752,0.631544,#001fa1,#0027cc,Samd11
0.0,0.226265,0.512356,#003a83,#005acc,Samm50
0.0,0.11159199999999998,0.02146,#001c05,#00cc27,Sbds
0.0,0.23250900000000005,0.08904600000000001,#003b17,#00cc4e,Scd3
1.0,0.0,0.0,#ff0000,#ff0000,Scg2
0.0,0.29301200000000005,0.279837,#004b47,#00ccc3,Scg3
0.0,0.125259,0.022188,#002006,#00cc24,Scrn1
1.0,0.0,0.0,#ff0000,#ff0000,Sdcbp
0.0,0.09317,0.65142,#0018a6,#001dcc,Sebox
0.28733,0.012662,0.591218,#490397,#6104c8,Sec61b
0.0,0.13928400000000002,0.023214000000000002,#002406,#00cc22,Serp1
1.0,0.0,0.0,#ff0000,#ff0000,Sf3b1
1.0,0.0,0.0,#ff0000,#ff0000,Sgk1
0.0,0.27167399999999997,0.114552,#00451d,#00cc56,Sgpl1
1.0,0.0,0.0,#ff0000,#ff0000,Sh2d3c
0.045252,0.17598,0.5053139999999999,#0c2d81,#1141bb,Shc4
0.0,0.025375000000000023,0.007888000000000008,#000602,#00cc3f,Shmt2
1.0,0.0,0.0,#ff0000,#ff0000,Siah2
1.0,0.0,0.0,#ff0000,#ff0000,Sik1
0.0,0.150282,0.5079779999999999,#002682,#003ccc,Slc14a1
0.0,0.126677,0.02227,#002006,#00cc24,Slc16a1
0.98703,0.007976,0.000997,#fc0200,#fc0200,Slc18a2
0.0,0.15362799999999996,0.05635599999999998,#00270e,#00cc4b,Slc18b1
0.0,0.1261,0.022230000000000003,#002006,#00cc24,Slc20a2
0.0,0.029808000000000025,0.01148400000000001,#000803,#00cc4f,Slc23a4
1.0,0.0,0.0,#ff0000,#ff0000,Slc25a25
1.0,0.0,0.0,#ff0000,#ff0000,Slc2a3
0.0,0.11763200000000001,0.713144,#001eb6,#0022cc,Slc2a5
0.0,0.12222,0.02205,#001f06,#00cc25,Slc35c2
0.0,0.279276,0.312613,#004750,#00b6cc,Slc36a4
0.0,0.0,0.0,#000000,#666666,Slc5a10
0.57558,0.147075,0.10653000000000001,#93261b,#ac2c20,Slc6a6
0.0,0.11083399999999999,0.643718,#001ca4,#0023cc,Slc7a15
0.0,0.21001799999999998,0.306646,#00364e,#008ccc,Slco2a1
1.0,0.0,0.0,#ff0000,#ff0000,Smad7
0.0,0.07284499999999997,0.02073999999999999,#001305,#00cc3a,Smc1b
0.917,0.002,0.04,#ea010a,#ea010a,Smg9
1.0,0.0,0.0,#ff0000,#ff0000,Smndc1
0.0,0.029852000000000028,0.009078000000000008,#000802,#00cc3e,Snrpd2
1.0,0.0,0.0,#ff0000,#ff0000,Snx18
1.0,0.0,0.0,#ff0000,#ff0000,Snx4
0.0,0.016283000000000013,0.0055100000000000045,#000401,#00cc45,Sorcs2
0.000693,0.272349,0.392238,#004564,#008dcc,Sos1
0.0,0.23250900000000005,0.08904600000000001,#003b17,#00cc4e,Sowahc
0.848735,0.00995,0.1393,#d80324,#d80324,Spata2l
0.789528,0.027496,0.10016399999999999,#c9071a,#c9071a,Spcs3
0.0,0.1261,0.022230000000000003,#002006,#00cc24,Specc1l
0.0,0.051471000000000044,0.013908000000000012,#000d04,#00cc37,Spin2c
0.008016000000000002,0.13326600000000002,0.05126900000000001,#02220d,#0cc04a,Sptlc2
1.0,0.0,0.0,#ff0000,#ff0000,Spty2d1
0.0,0.17924899999999996,0.04222399999999999,#002e0b,#00cc30,Srek1ip1
1.0,0.0,0.0,#ff0000,#ff0000,Srf
0.0,0.12834500000000001,0.022344000000000003,#002106,#00cc24,Srgap1
1.0,0.0,0.0,#ff0000,#ff0000,Ssna1
0.0,0.0,0.0,#000000,#666666,Ssxb2
0.09839400000000002,0.13618300000000003,0.49268300000000004,#19237e,#222faa,Stard3nl
0.0,0.16488000000000005,0.03564000000000001,#002a09,#00cc2c,Stmn4
1.0,0.0,0.0,#ff0000,#ff0000,Stx2
0.289278,0.011688,0.600958,#4a0399,#6004c8,Sumf2
0.0,0.09985499999999999,0.020579999999999998,#001905,#00cc2a,Suv39h1
1.0,0.0,0.0,#ff0000,#ff0000,Syt4
0.0,0.04029600000000003,0.011730000000000011,#000a03,#00cc3b,Syt5
1.0,0.0,0.0,#ff0000,#ff0000,Tada2b
0.0,0.03858800000000003,0.01130800000000001,#000a03,#00cc3c,Tax1bp1
0.0,0.116765,0.021779999999999997,#001e06,#00cc26,Tbc1d17
1.0,0.0,0.0,#ff0000,#ff0000,Tbcel
0.0,0.19050199999999998,0.04066399999999999,#00310a,#00cc2c,Tceb2
0.0,0.27129600000000004,0.30412800000000006,#00454e,#00b6cc,Tcta
1.0,0.0,0.0,#ff0000,#ff0000,Tdrp
0.0,0.16717800000000005,0.02805000000000001,#002b07,#00cc22,Tes
0.385398,0.14036099999999999,0.281515,#622448,#96366d,Tgfb3
1.0,0.0,0.0,#ff0000,#ff0000,Tgs1
0.0,0.258336,0.17181000000000002,#00422c,#00cc88,Thap4
0.0,0.1714,0.605042,#002c9a,#003acc,Thoc7
1.0,0.0,0.0,#ff0000,#ff0000,Tiparp
0.0,0.08695499999999998,0.020273999999999993,#001605,#00cc30,Tlr13
0.0,0.10363199999999999,0.037337999999999996,#001a0a,#00cc4a,Tmed2
0.0,0.109275,0.64635,#001ca5,#0022cc,Tmem119
0.0,0.22134000000000004,0.20496,#003834,#00ccbd,Tmem151b
0.0,0.180469,0.080822,#002e15,#00cc5b,Tmem167
0.0,0.03636700000000003,0.01066000000000001,#000903,#00cc3c,Tmem201
0.0,0.155472,0.566128,#002890,#0038cc,Tmem253
0.60907,0.15266300000000002,0.062489,#9b2710,#b92e13,Tmem39a
1.0,0.0,0.0,#ff0000,#ff0000,Tmem47
0.0,0.124416,0.022144,#002006,#00cc24,Tmem50a
1.0,0.0,0.0,#ff0000,#ff0000,Tmem8b
0.0,0.198182,0.239946,#00333d,#00a8cc,Tmprss9
0.038318000000000005,0.08054599999999999,0.647496,#0a15a5,#0b18c1,Tmx4
0.0,0.03951000000000004,0.011520000000000011,#000a03,#00cc3b,Tnfrsf23
1.0,0.0,0.0,#ff0000,#ff0000,Tnip2
0.8283849999999999,0.024625,0.0788,#d30614,#d30614,Toe1
0.0,0.29275199999999996,0.16963199999999998,#004b2b,#00cc76,Tox4
1.0,0.0,0.0,#ff0000,#ff0000,Tra2b
0.0,0.291856,0.214948,#004a37,#00cc96,Traip
0.933,0.001,0.026,#ee0007,#ee0007,Trappc6b
0.0,0.137137,0.022880000000000005,#002306,#00cc22,Trhr
1.0,0.0,0.0,#ff0000,#ff0000,Trib1
0.0,0.04131300000000004,0.011938000000000011,#000b03,#00cc3b,Trim11
1.0,0.0,0.0,#ff0000,#ff0000,Trp53inp2
1.0,0.0,0.0,#ff0000,#ff0000,Tsen54
0.525567,0.15706599999999998,0.139806,#862824,#a1302b,Tspan33
0.0,0.1261,0.022230000000000003,#002006,#00cc24,Tuba1b
0.0,0.15328500000000003,0.024420000000000004,#002706,#00cc20,Tubb2a
0.016592,0.203184,0.07044800000000001,#043412,#0fbd41,Tubb3
1.0,0.0,0.0,#ff0000,#ff0000,Tubb4a
0.0,0.125259,0.022188,#002006,#00cc24,Tubb4b
0.0,0.04121900000000003,0.011938000000000011,#000b03,#00cc3b,Txnip
1.0,0.0,0.0,#ff0000,#ff0000,U2af1l4
0.0,0.16105700000000003,0.03295500000000001,#002908,#00cc2a,Uba3
1.0,0.0,0.0,#ff0000,#ff0000,Ubc
0.0,0.22291399999999997,0.24062,#00393d,#00bdcc,Ube2a
0.0,0.12584,0.022230000000000003,#002006,#00cc24,Ube2d3
0.0,0.037711000000000036,0.01109400000000001,#000a03,#00cc3c,Ube2l6
0.0,0.281443,0.38527,#004862,#0095cc,Ube2o
1.0,0.0,0.0,#ff0000,#ff0000,Unc5a
0.0,0.027187000000000024,0.008370000000000008,#000702,#00cc3f,Uncx
0.0,0.1261,0.022230000000000003,#002006,#00cc24,Uqcrc2
0.0,0.11447100000000002,0.7024680000000001,#001db3,#0021cc,Urb1
0.0,0.0,0.0,#000000,#666666,Usp17lc
1.0,0.0,0.0,#ff0000,#ff0000,Usp27x
1.0,0.0,0.0,#ff0000,#ff0000,Usp36
0.0,0.112437,0.021528,#001d05,#00cc27,Uspl1
0.0,0.12584,0.022230000000000003,#002006,#00cc24,Vamp1
0.0,0.20360399999999998,0.049932,#00340d,#00cc32,Veph1
0.0,0.04043400000000004,0.011730000000000011,#000a03,#00cc3b,Vmn1r63
0.0,0.0,0.001,#000000,#0000cc,Vmn2r10
0.0,0.084165,0.71857,#0015b7,#0018cc,Vwa3b
0.0,0.034008,0.721144,#0009b8,#000acc,Wbscr16
0.0,0.22468799999999997,0.22061099999999997,#003938,#00ccc8,Wdfy2
0.0,0.135468,0.022862000000000004,#002306,#00cc22,Wdr26
0.0,0.14728800000000003,0.025080000000000005,#002606,#00cc23,Wdr34
0.0,0.15680700000000006,0.03180600000000001,#002808,#00cc29,Wdr45b
0.0,0.245949,0.467226,#003f77,#006bcc,Wdr83
1.0,0.0,0.0,#ff0000,#ff0000,Wwc1
1.0,0.0,0.0,#ff0000,#ff0000,Zbtb11
0.8524349999999999,0.001994,0.076769,#d90114,#d90114,Zbtb21
1.0,0.0,0.0,#ff0000,#ff0000,Zbtb33
0.023976,0.016871999999999998,0.715728,#0604b7,#0705c7,Zbtb41
0.0,0.203391,0.055647,#00340e,#00cc38,Zc3h11a
0.0,0.12584,0.022230000000000003,#002006,#00cc24,Zc3h12c
0.081696,0.06571199999999999,0.655344,#1511a7,#1713b9,Zc3h6
0.0,0.126677,0.02227,#002006,#00cc24,Zdbf2
0.0,0.1632,0.5049600000000001,#002a81,#0042cc,Zdhhc2
1.0,0.0,0.0,#ff0000,#ff0000,Zfand5
0.9378359999999999,0.041202,0.006867,#ef0b02,#ef0b02,Zfp207
1.0,0.0,0.0,#ff0000,#ff0000,Zfp24
0.0,0.19328800000000004,0.10715200000000001,#00311b,#00cc71,Zfp26
0.0,0.3025,0.33625000000000005,#004d56,#00b8cc,Zfp276
1.0,0.0,0.0,#ff0000,#ff0000,Zfp281
0.100473,0.027231,0.707067,#1a07b4,#1c08c4,Zfp385b
0.0,0.025375000000000023,0.007888000000000008,#000602,#00cc3f,Zfp52
0.0,0.217136,0.451484,#003773,#0062cc,Zfp553
0.0,0.026280000000000022,0.008130000000000007,#000702,#00cc3f,Zfp59
0.0,0.22327199999999997,0.227259,#00393a,#00c8cc,Zfp654
0.0,0.134937,0.023124000000000002,#002206,#00cc23,Zfp655
1.0,0.0,0.0,#ff0000,#ff0000,Zfp668
0.0,0.08144999999999998,0.021869999999999994,#001506,#00cc37,Zfp799
0.0,0.12415999999999999,0.022144,#002006,#00cc24,Zfp804b
0.0,0.05339500000000005,0.014278000000000013,#000e04,#00cc37,Zfp869
0.030285,0.14806,0.5276320000000001,#082687,#0b36c1,Zfp87
0.330525,0.010724999999999998,0.5859749999999999,#540395,#7104c8,Zfp937
0.0,0.027187000000000024,0.008370000000000008,#000702,#00cc3f,Zfp950
0.998001,0.000999,0.000999,#fe0000,#fe0000,Zfp994
0.01749,0.24231599999999998,0.07091399999999999,#043e12,#0ebe38,Zkscan8
0.0,0.06778399999999996,0.017537999999999988,#001104,#00cc35,Zmym2
0.0,0.05243200000000005,0.014094000000000013,#000d04,#00cc37,Zranb1
0.0,0.180785,0.61761,#002e9d,#003ccc,Zscan2
